{
  "mode": "pqc_confidential",
  "message": "Hello from confidentiality demo at 2026-05-10T06:10:01.228425Z",
  "account": "0x3aBeB3b1EAd8EcC5203540db2d79dD1880dc94B1",
  "contract_address": "0x1422a403ecCD22c97D6454d954ECE6777ddBC140",
  "chain_id": 11155111,
  "record_id": 25,
  "tx_hash": "15dbb108f528177aab55c3b191c8d60927ff1067055d826f5135fa4b8767ab8e",
  "gas_used": 341198,
  "status": 1,
  "app_nonce": 1778393401240742209,
  "timestamp": 1778393401,
  "payload_hash": "0x21b9c8394257b16cbe47b9691b95e4cbf5e41657df04d7ea3d569cbd468dc7b0",
  "pqc_proof_hash": "0x0ee7071d4d5e6e5bb8b4d24e7502ff634c3a0215ef68eb48912c872cc630ad23",
  "encrypted": true,
  "ipfs_cid": "",
  "algorithm": "falcon_512",
  "confidentiality": {
    "algorithm": "aes-256-gcm",
    "plaintext_size_bytes": 62,
    "encrypted_payload_size_bytes": 94,
    "nonce_size_bytes": 16,
    "tag_size_bytes": 16,
    "encryption_seconds": 0.012083,
    "decrypt_seconds": 0.000163,
    "decrypt_matches_plaintext": true
  },
  "pqc": {
    "algorithm": "falcon_512",
    "public_key_size_bytes": 897,
    "secret_key_size_bytes": 1281,
    "signature_size_bytes": 651
  },
  "benchmark": {
    "pqc_keygen_seconds": 0.012667,
    "pqc_sign_seconds": 0.002602,
    "pqc_verify_seconds": 3.6e-05,
    "tx_build_seconds": 0.083518,
    "ecdsa_sign_seconds": 0.032248,
    "send_and_confirm_seconds": 10.496816,
    "ecdsa_signature_size_bytes": 65,
    "ecdsa_raw_tx_size_bytes": 698
  }
}